T,Alt,Veloc,FAlt,FVeloc,LDA,LowV,Apogee,N-O,Drogue,Main
0.00,3.00,60.00,0.60,12.00,0,0,0,0,0,0
0.05,31.00,560.00,6.68,121.60,0,0,0,0,0,0
0.10,21.00,-200.00,9.54,57.28,0,0,0,0,0,0
0.15,26.00,100.00,12.84,65.82,0,0,0,0,0,0
0.20,24.00,-40.00,15.07,44.66,0,0,0,0,0,0
0.25,38.00,280.00,19.65,91.73,0,0,0,0,0,0
0.30,45.00,140.00,24.72,101.38,0,0,0,0,0,0
0.35,27.00,-360.00,25.18,9.11,0,0,0,0,0,0
0.40,47.00,400.00,29.54,87.28,0,0,0,0,0,0
0.45,49.00,40.00,33.43,77.83,0,0,0,0,0,0
0.50,54.00,100.00,37.55,82.26,0,0,0,0,0,0
0.55,55.00,20.00,41.04,69.81,0,0,0,0,0,0
0.60,76.00,420.00,48.03,139.85,0,0,0,0,0,0
0.65,81.00,100.00,54.62,131.88,0,0,0,0,0,0
0.70,92.00,220.00,62.10,149.50,0,0,0,0,0,0
0.75,98.00,120.00,69.28,143.60,0,0,0,0,0,0
0.80,116.00,360.00,78.62,186.88,0,0,0,0,0,0
0.85,120.00,80.00,86.90,165.51,0,0,0,0,0,0
0.90,130.00,200.00,95.52,172.40,0,0,0,0,0,0
0.95,135.00,100.00,103.42,157.92,0,0,0,0,0,0
1.00,121.00,-280.00,106.93,70.34,0,0,0,0,0,0
1.05,131.00,200.00,111.75,96.27,0,0,0,0,0,0
1.10,157.00,520.00,120.80,181.02,0,0,0,0,0,0
1.15,179.00,440.00,132.44,232.81,0,0,0,0,0,0
1.20,203.00,480.00,146.55,282.25,203,0,0,0,0,0
1.25,235.00,640.00,164.24,353.80,0,0,0,0,0,0
1.30,248.00,260.00,180.99,335.04,0,0,0,0,0,0
1.35,281.00,660.00,200.99,400.03,0,0,0,0,0,0
1.40,288.00,140.00,218.39,348.03,0,0,0,0,0,0
1.45,309.00,420.00,236.52,362.42,0,0,0,0,0,0
1.50,326.00,340.00,254.41,357.94,0,0,0,0,0,0
1.55,337.00,220.00,270.93,330.35,0,0,0,0,0,0
1.60,346.00,180.00,285.94,300.28,0,0,0,0,0,0
1.65,369.00,460.00,302.56,332.22,0,0,0,0,0,0
1.70,389.00,400.00,319.84,345.78,0,0,0,0,0,0
1.75,417.00,560.00,339.28,388.62,0,0,0,0,0,0
1.80,445.00,560.00,360.42,422.90,0,0,0,0,0,0
1.85,469.00,480.00,382.14,434.32,0,0,0,0,0,0
1.90,499.00,600.00,405.51,467.45,0,0,0,0,0,0
1.95,530.00,620.00,430.41,497.96,0,0,0,0,0,0
2.00,560.00,600.00,456.33,518.37,0,0,0,0,0,0
2.05,596.00,720.00,484.26,558.70,0,0,0,0,0,0
2.10,631.00,700.00,513.61,586.96,0,0,0,0,0,0
2.15,657.00,520.00,542.29,573.57,0,0,0,0,0,0
2.20,678.00,420.00,569.43,542.85,0,0,0,0,0,0
2.25,709.00,620.00,597.34,558.28,0,0,0,0,0,0
2.30,744.00,700.00,626.67,586.63,0,0,0,0,0,0
2.35,772.00,560.00,655.74,581.30,0,0,0,0,0,0
2.40,808.00,720.00,686.19,609.04,0,0,0,0,0,0
2.45,838.00,600.00,716.55,607.23,0,0,0,0,0,0
2.50,879.00,820.00,749.04,649.79,0,0,0,0,0,0
2.55,916.00,740.00,782.43,667.83,0,0,0,0,0,0
2.60,948.00,640.00,815.55,662.26,0,0,0,0,0,0
2.65,984.00,720.00,849.24,673.81,0,0,0,0,0,0
2.70,1020.00,720.00,883.39,683.05,0,0,0,0,0,0
2.75,1057.00,740.00,918.11,694.44,0,0,0,0,0,0
2.80,1093.00,720.00,953.09,699.55,0,0,0,0,0,0
2.85,1128.00,700.00,988.07,699.64,0,0,0,0,0,0
2.90,1165.00,740.00,1023.46,707.71,0,0,0,0,0,0
2.95,1209.00,880.00,1060.57,742.17,0,0,0,0,0,0
3.00,1248.00,780.00,1098.05,749.74,0,0,0,0,0,0
3.05,1260.00,240.00,1130.44,647.79,0,0,0,0,0,0
3.10,1283.00,460.00,1160.95,610.23,0,0,0,0,0,0
3.15,1282.00,-20.00,1185.16,484.18,0,0,0,0,0,0
3.20,1291.00,180.00,1206.33,423.35,0,0,0,0,0,0
3.25,1337.00,920.00,1232.46,522.68,0,0,0,0,0,0
3.30,1372.00,700.00,1260.37,558.14,0,0,0,0,0,0
3.35,1401.00,580.00,1288.50,562.51,0,0,0,0,0,0
3.40,1458.00,1140.00,1322.40,678.01,0,0,0,0,0,0
3.45,1503.00,900.00,1358.52,722.41,0,0,0,0,0,0
3.50,1537.00,680.00,1394.21,713.93,0,0,0,0,0,0
3.55,1594.00,1140.00,1434.17,799.14,0,0,0,0,0,0
3.60,1626.00,640.00,1472.54,767.31,0,0,0,0,0,0
3.65,1678.00,1040.00,1513.63,821.85,0,0,0,0,0,0
3.70,1704.00,520.00,1551.70,761.48,0,0,0,0,0,0
3.75,1753.00,980.00,1591.96,805.19,0,0,0,0,0,0
3.80,1790.00,740.00,1631.57,792.15,0,0,0,0,0,0
3.85,1821.00,620.00,1669.46,757.72,0,0,0,0,0,0
3.90,1875.00,1080.00,1710.57,822.18,0,0,0,0,0,0
3.95,1900.00,500.00,1748.45,757.74,0,0,0,0,0,0
4.00,1962.00,1240.00,1791.16,854.19,0,0,0,0,0,0
4.05,1989.00,540.00,1830.73,791.35,0,0,0,0,0,0
4.10,2025.00,720.00,1869.58,777.08,0,0,0,0,0,0
4.15,2074.00,980.00,1910.47,817.67,0,0,0,0,0,0
4.20,2104.00,600.00,1949.17,774.13,0,0,0,0,0,0
4.25,2141.00,740.00,1987.54,767.31,0,0,0,0,0,0
4.30,2188.00,940.00,2027.63,801.85,0,0,0,0,0,0
4.35,2224.00,720.00,2066.90,785.47,0,0,0,0,0,0
4.40,2256.00,640.00,2104.72,756.38,0,0,0,0,0,0
4.45,2302.00,920.00,2144.18,789.11,0,0,0,0,0,0
4.50,2331.00,580.00,2181.54,747.29,0,0,0,0,0,0
4.55,2382.00,1020.00,2221.63,801.83,0,0,0,0,0,0
4.60,2416.00,680.00,2260.51,777.46,0,0,0,0,0,0
4.65,2449.00,660.00,2298.21,753.97,0,0,0,0,0,0
4.70,2488.00,780.00,2336.17,759.17,0,0,0,0,0,0
4.75,2520.00,640.00,2372.93,735.34,0,0,0,0,0,0
4.80,2550.00,600.00,2408.35,708.27,0,0,0,0,0,0
4.85,2586.00,720.00,2443.88,710.62,0,0,0,0,0,0
4.90,2634.00,960.00,2481.90,760.49,0,0,0,0,0,0
4.95,2664.00,600.00,2518.32,728.39,0,0,0,0,0,0
5.00,2703.00,780.00,2555.26,738.72,0,0,0,0,0,0
5.05,2740.00,740.00,2592.21,738.97,0,0,0,0,0,0
5.10,2779.00,780.00,2629.56,747.18,0,0,0,0,0,0
5.15,2811.00,640.00,2665.85,725.74,0,0,0,0,0,0
5.20,2852.00,820.00,2703.08,744.59,0,0,0,0,0,0
5.25,2884.00,640.00,2739.26,723.68,0,0,0,0,0,0
5.30,2911.00,540.00,2773.61,686.94,0,0,0,0,0,0
5.35,2951.00,800.00,2809.09,709.55,0,0,0,0,0,0
5.40,2987.00,720.00,2844.67,711.64,0,0,0,0,0,0
5.45,3010.00,460.00,2877.74,661.31,0,0,0,0,0,0
5.50,3050.00,800.00,2912.19,689.05,0,0,0,0,0,0
5.55,3086.00,720.00,2946.95,695.24,0,0,0,0,0,0
5.60,3117.00,620.00,2980.96,680.20,0,0,0,0,0,0
5.65,3155.00,760.00,3015.77,696.15,0,0,0,0,0,0
5.70,3182.00,540.00,3049.02,664.92,0,0,0,0,0,0
5.75,3221.00,780.00,3083.41,687.94,0,0,0,0,0,0
5.80,3258.00,740.00,3118.33,698.35,0,0,0,0,0,0
5.85,3291.00,660.00,3152.86,690.68,0,0,0,0,0,0
5.90,3321.00,600.00,3186.49,672.54,0,0,0,0,0,0
5.95,3345.00,480.00,3218.19,634.04,0,0,0,0,0,0
6.00,3382.00,740.00,3250.95,655.23,0,0,0,0,0,0
6.05,3412.00,600.00,3283.16,644.18,0,0,0,0,0,0
6.10,3444.00,640.00,3315.33,643.34,0,0,0,0,0,0
6.15,3471.00,540.00,3346.46,622.68,0,0,0,0,0,0
6.20,3513.00,840.00,3379.77,666.14,0,0,0,0,0,0
6.25,3545.00,640.00,3412.82,660.91,0,0,0,0,0,0
6.30,3579.00,680.00,3446.05,664.73,0,0,0,0,0,0
6.35,3611.00,640.00,3479.04,659.79,0,0,0,0,0,0
6.40,3640.00,580.00,3511.23,643.83,0,0,0,0,0,0
6.45,3662.00,440.00,3541.39,603.06,0,0,0,0,0,0
6.50,3696.00,680.00,3572.31,618.45,0,0,0,0,0,0
6.55,3725.00,580.00,3602.85,610.76,0,0,0,0,0,0
6.60,3755.00,600.00,3633.28,608.61,0,0,0,0,0,0
6.65,3786.00,620.00,3663.82,610.88,0,0,0,0,0,0
6.70,3816.00,600.00,3694.26,608.71,0,0,0,0,0,0
6.75,3852.00,720.00,3725.81,630.97,0,0,0,0,0,0
6.80,3877.00,500.00,3756.05,604.78,0,0,0,0,0,0
6.85,3909.00,640.00,3786.64,611.82,0,0,0,0,0,0
6.90,3933.00,480.00,3815.91,585.45,0,0,0,0,0,0
6.95,3967.00,680.00,3846.13,604.37,0,0,0,0,0,0
7.00,3996.00,580.00,3876.10,599.49,0,0,0,0,0,0
7.05,4023.00,540.00,3905.48,587.59,0,0,0,0,0,0
7.10,4050.00,540.00,3934.39,578.08,0,0,0,0,0,0
7.15,4081.00,620.00,3963.71,586.46,0,0,0,0,0,0
7.20,4110.00,580.00,3992.97,585.17,0,0,0,0,0,0
7.25,4130.00,400.00,4020.37,548.13,0,0,0,0,0,0
7.30,4166.00,720.00,4049.50,582.50,0,0,0,0,0,0
7.35,4194.00,560.00,4078.40,578.01,0,0,0,0,0,0
7.40,4219.00,500.00,4106.52,562.40,0,0,0,0,0,0
7.45,4253.00,680.00,4135.82,585.93,0,0,0,0,0,0
7.50,4277.00,480.00,4164.05,564.74,0,0,0,0,0,0
7.55,4307.00,600.00,4192.64,571.79,0,0,0,0,0,0
7.60,4331.00,480.00,4220.31,553.44,0,0,0,0,0,0
7.65,4362.00,620.00,4248.65,566.75,0,0,0,0,0,0
7.70,4391.00,580.00,4277.12,569.39,0,0,0,0,0,0
7.75,4416.00,500.00,4304.90,555.52,0,0,0,0,0,0
7.80,4442.00,520.00,4332.32,548.42,0,0,0,0,0,0
7.85,4468.00,520.00,4359.45,542.73,0,0,0,0,0,0
7.90,4494.00,520.00,4386.36,538.18,0,0,0,0,0,0
7.95,4526.00,640.00,4414.29,558.54,0,0,0,0,0,0
8.00,4545.00,380.00,4440.43,522.84,0,0,0,0,0,0
8.05,4572.00,540.00,4466.75,526.27,0,0,0,0,0,0
8.10,4602.00,600.00,4493.80,541.02,0,0,0,0,0,0
8.15,4627.00,500.00,4520.44,532.81,0,0,0,0,0,0
8.20,4650.00,460.00,4546.35,518.25,0,0,0,0,0,0
8.25,4680.00,600.00,4573.08,534.60,0,0,0,0,0,0
8.30,4703.00,460.00,4599.06,519.68,0,0,0,0,0,0
8.35,4726.00,460.00,4624.45,507.74,0,0,0,0,0,0
8.40,4755.00,580.00,4650.56,522.20,0,0,0,0,0,0
8.45,4783.00,560.00,4677.05,529.76,0,0,0,0,0,0
8.50,4803.00,400.00,4702.24,503.81,0,0,0,0,0,0
8.55,4832.00,580.00,4728.19,519.04,0,0,0,0,0,0
8.60,4853.00,420.00,4753.15,499.24,0,0,0,0,0,0
8.65,4876.00,460.00,4777.72,491.39,0,0,0,0,0,0
8.70,4903.00,540.00,4802.78,501.11,0,0,0,0,0,0
8.75,4927.00,480.00,4827.62,496.88,0,0,0,0,0,0
8.80,4952.00,500.00,4852.50,497.51,0,0,0,0,0,0
8.85,4975.00,460.00,4877.00,490.01,0,0,0,0,0,0
8.90,5000.00,500.00,4901.60,492.00,0,0,0,0,0,0
8.95,5022.00,440.00,4925.68,481.60,0,0,0,0,0,0
9.00,5050.00,560.00,4950.54,497.29,0,0,0,0,0,0
9.05,5071.00,420.00,4974.63,481.83,0,0,0,0,0,0
9.10,5095.00,480.00,4998.71,481.46,0,0,0,0,0,0
9.15,5117.00,440.00,5022.37,473.17,0,0,0,0,0,0
9.20,5140.00,460.00,5045.89,470.54,0,0,0,0,0,0
9.25,5164.00,480.00,5069.51,472.43,0,0,0,0,0,0
9.30,5185.00,420.00,5092.61,461.94,0,0,0,0,0,0
9.35,5213.00,560.00,5116.69,481.55,0,0,0,0,0,0
9.40,5233.00,400.00,5139.95,465.24,0,0,0,0,0,0
9.45,5257.00,480.00,5163.36,468.19,0,0,0,0,0,0
9.50,5279.00,440.00,5186.49,462.56,0,0,0,0,0,0
9.55,5303.00,480.00,5209.79,466.04,0,0,0,0,0,0
9.60,5325.00,440.00,5232.83,460.83,0,0,0,0,0,0
9.65,5345.00,400.00,5255.27,448.67,0,0,0,0,0,0
9.70,5370.00,500.00,5278.21,458.94,0,0,0,0,0,0
9.75,5393.00,460.00,5301.17,459.15,0,0,0,0,0,0
9.80,5411.00,360.00,5323.14,439.32,0,0,0,0,0,0
9.85,5433.00,440.00,5345.11,439.45,0,0,0,0,0,0
9.90,5454.00,420.00,5366.89,435.57,0,0,0,0,0,0
9.95,5478.00,480.00,5389.11,444.45,0,0,0,0,0,0
10.00,5501.00,460.00,5411.49,447.56,0,0,0,0,0,0
10.05,5522.00,420.00,5433.59,442.05,0,0,0,0,0,0
10.10,5544.00,440.00,5455.67,441.64,0,0,0,0,0,0
10.15,5564.00,400.00,5477.34,433.31,0,0,0,0,0,0
10.20,5587.00,460.00,5499.27,438.64,0,0,0,0,0,0
10.25,5603.00,320.00,5520.02,414.92,0,0,0,0,0,0
10.30,5628.00,500.00,5541.61,431.93,0,0,0,0,0,0
10.35,5647.00,380.00,5562.69,421.54,0,0,0,0,0,0
10.40,5669.00,440.00,5583.95,425.23,0,0,0,0,0,0
10.45,5694.00,500.00,5605.96,440.20,0,0,0,0,0,0
10.50,5711.00,340.00,5626.97,420.16,0,0,0,0,0,0
10.55,5730.00,380.00,5647.58,412.12,0,0,0,0,0,0
10.60,5753.00,460.00,5668.66,421.70,0,0,0,0,0,0
10.65,5770.00,340.00,5688.93,405.36,0,0,0,0,0,0
10.70,5793.00,460.00,5709.74,416.29,0,0,0,0,0,0
10.75,5811.00,360.00,5729.99,405.03,0,0,0,0,0,0
10.80,5830.00,380.00,5750.00,400.02,0,0,0,0,0,0
10.85,5851.00,420.00,5770.20,404.01,0,0,0,0,0,0
10.90,5872.00,420.00,5790.56,407.22,0,0,0,0,0,0
10.95,5891.00,380.00,5810.65,401.77,0,0,0,0,0,0
11.00,5911.00,400.00,5830.72,401.42,0,0,0,0,0,0
11.05,5931.00,400.00,5850.77,401.13,0,0,0,0,0,0
11.10,5947.00,320.00,5870.02,384.91,0,0,0,0,0,0
11.15,5965.00,360.00,5889.01,379.92,0,0,0,0,0,0
11.20,5984.00,380.00,5908.01,379.94,0,0,0,0,0,0
11.25,6005.00,420.00,5927.41,387.95,0,0,0,0,0,0
11.30,6024.00,380.00,5946.73,386.37,0,0,0,0,0,0
11.35,6042.00,360.00,5965.78,381.09,0,0,0,0,0,0
11.40,6060.00,360.00,5984.63,376.88,0,0,0,0,0,0
11.45,6082.00,440.00,6004.10,389.49,0,0,0,0,0,0
11.50,6098.00,320.00,6022.88,375.60,0,0,0,0,0,0
11.55,6115.00,340.00,6041.30,368.48,0,0,0,0,0,0
11.60,6133.00,360.00,6059.64,366.79,0,0,0,0,0,0
11.65,6153.00,400.00,6078.31,373.43,0,0,0,0,0,0
11.70,6175.00,440.00,6097.65,386.74,0,0,0,0,0,0
11.75,6190.00,300.00,6116.12,369.39,0,0,0,0,0,0
11.80,6206.00,320.00,6134.10,359.51,0,0,0,0,0,0
11.85,6223.00,340.00,6151.88,355.62,0,0,0,0,0,0
11.90,6241.00,360.00,6169.70,356.48,0,0,0,0,0,0
11.95,6260.00,380.00,6187.76,361.19,0,0,0,0,0,0
12.00,6276.00,320.00,6205.41,352.95,0,0,0,0,0,0
12.05,6294.00,360.00,6223.13,354.37,0,0,0,0,0,0
12.10,6313.00,380.00,6241.10,359.49,0,0,0,0,0,0
12.15,6330.00,340.00,6258.88,355.60,0,0,0,0,0,0
12.20,6346.00,320.00,6276.31,348.48,0,0,0,0,0,0
12.25,6359.00,260.00,6292.84,330.78,0,0,0,0,0,0
12.30,6380.00,420.00,6310.28,348.62,0,0,0,0,0,0
12.35,6396.00,320.00,6327.42,342.90,0,0,0,0,0,0
12.40,6412.00,320.00,6344.34,338.32,0,0,0,0,0,0
12.45,6433.00,420.00,6362.07,354.65,0,0,0,0,0,0
12.50,6449.00,320.00,6379.46,347.72,0,0,0,0,0,0
12.55,6461.00,240.00,6395.76,326.18,0,0,0,0,0,0
12.60,6481.00,400.00,6412.81,340.94,0,0,0,0,0,0
12.65,6497.00,320.00,6429.65,336.76,0,0,0,0,0,0
12.70,6513.00,320.00,6446.32,333.40,0,0,0,0,0,0
12.75,6527.00,280.00,6462.46,322.72,0,0,0,0,0,0
12.80,6544.00,340.00,6478.76,326.18,0,0,0,0,0,0
12.85,6558.00,280.00,6494.61,316.94,0,0,0,0,0,0
12.90,6573.00,300.00,6510.29,313.55,0,0,0,0,0,0
12.95,6589.00,320.00,6526.03,314.84,0,0,0,0,0,0
13.00,6605.00,320.00,6541.83,315.87,0,0,0,0,0,0
13.05,6619.00,280.00,6557.26,308.70,0,0,0,0,0,0
13.10,6634.00,300.00,6572.61,306.96,0,0,0,0,0,0
13.15,6651.00,340.00,6588.29,313.56,0,0,0,0,0,0
13.20,6665.00,280.00,6603.63,306.86,0,0,0,0,0,0
13.25,6682.00,340.00,6619.30,313.49,0,0,0,0,0,0
13.30,6695.00,260.00,6634.44,302.78,0,0,0,0,0,0
13.35,6712.00,340.00,6649.95,310.22,0,0,0,0,0,0
13.40,6724.00,240.00,6664.76,296.18,0,0,0,0,0,0
13.45,6740.00,320.00,6679.81,300.95,0,0,0,0,0,0
13.50,6754.00,280.00,6694.65,296.76,0,0,0,0,0,0
13.55,6770.00,320.00,6709.72,301.41,0,0,0,0,0,0
13.60,6785.00,300.00,6724.77,301.12,0,0,0,0,0,0
13.65,6799.00,280.00,6739.62,296.90,0,0,0,0,0,0
13.70,6813.00,280.00,6754.30,293.52,0,0,0,0,0,0
13.75,6824.00,220.00,6768.24,278.82,0,0,0,0,0,0
13.80,6843.00,380.00,6783.19,299.05,0,0,0,0,0,0
13.85,6853.00,200.00,6797.15,279.24,0,0,0,0,0,0
13.90,6869.00,320.00,6811.52,287.39,0,0,0,0,0,0
13.95,6883.00,280.00,6825.82,285.92,0,0,0,0,0,0
14.00,6895.00,240.00,6839.65,276.73,0,0,0,0,0,0
14.05,6910.00,300.00,6853.72,281.39,0,0,0,0,0,0
14.10,6921.00,220.00,6867.18,269.11,0,0,0,0,0,0
14.15,6932.00,220.00,6880.14,259.29,0,0,0,0,0,0
14.20,6948.00,320.00,6893.71,271.43,0,0,0,0,0,0
14.25,6961.00,260.00,6907.17,269.14,0,0,0,0,0,0
14.30,6975.00,280.00,6920.74,271.32,0,0,0,0,0,0
14.35,6986.00,220.00,6933.79,261.05,0,0,0,0,0,0
14.40,7004.00,360.00,6947.83,280.84,0,0,0,0,0,0
14.45,7014.00,200.00,6961.07,264.68,0,0,0,0,0,0
14.50,7027.00,260.00,6974.25,263.74,0,0,0,0,0,0
14.55,7038.00,220.00,6987.00,254.99,0,0,0,0,0,0
14.60,7054.00,320.00,7000.40,267.99,0,0,0,0,0,0
14.65,7062.00,160.00,7012.72,246.40,0,0,0,0,0,0
14.70,7077.00,300.00,7025.58,257.12,0,0,0,0,0,0
14.75,7091.00,280.00,7038.66,261.69,0,0,0,0,0,0
14.80,7102.00,220.00,7051.33,253.35,0,0,0,0,0,0
14.85,7115.00,260.00,7064.06,254.69,0,0,0,0,0,0
14.90,7123.00,160.00,7075.85,235.74,0,0,0,0,0,0
14.95,7140.00,340.00,7088.68,256.60,0,0,0,0,0,0
15.00,7153.00,260.00,7101.54,257.28,0,0,0,0,0,0
15.05,7161.00,160.00,7113.44,237.82,0,0,0,0,0,0
15.10,7174.00,260.00,7125.55,242.26,0,0,0,0,0,0
15.15,7183.00,180.00,7137.04,229.80,0,0,0,0,0,0
15.20,7196.00,260.00,7148.83,235.85,0,0,0,0,0,0
15.25,7210.00,280.00,7161.06,244.68,0,0,0,0,0,0
15.30,7222.00,240.00,7173.25,243.74,0,0,0,0,0,0
15.35,7230.00,160.00,7184.60,226.99,0,0,0,0,0,0
15.40,7245.00,300.00,7196.68,241.59,0,0,0,0,0,0
15.45,7251.00,120.00,7207.54,217.28,0,0,0,0,0,0
15.50,7264.00,260.00,7218.84,225.82,0,0,0,0,0,0
15.55,7276.00,240.00,7230.27,228.65,0,0,0,0,0,0
15.60,7288.00,240.00,7241.81,230.93,0,0,0,0,0,0
15.65,7297.00,180.00,7252.85,220.74,0,0,0,0,0,0
15.70,7310.00,260.00,7264.28,228.59,0,0,0,0,0,0
15.75,7317.00,140.00,7274.83,210.87,0,0,0,0,0,0
15.80,7329.00,240.00,7285.66,216.70,0,0,0,0,0,0
15.85,7341.00,240.00,7296.73,221.36,0,0,0,0,0,0
15.90,7351.00,200.00,7307.58,217.09,0,0,0,0,0,0
15.95,7361.00,200.00,7318.27,213.67,0,0,0,0,0,0
16.00,7372.00,220.00,7329.01,214.93,0,0,0,0,0,0
16.05,7380.00,160.00,7339.21,203.95,0,0,0,0,0,0
16.10,7391.00,220.00,7349.57,207.16,0,0,0,0,0,0
16.15,7402.00,220.00,7360.05,209.73,0,0,0,0,0,0
16.20,7412.00,200.00,7370.44,207.78,0,0,0,0,0,0
16.25,7418.00,120.00,7379.95,190.22,0,0,0,0,0,0
16.30,7432.00,280.00,7390.36,208.18,0,0,0,0,0,0
16.35,7441.00,180.00,7400.49,202.55,0,0,0,0,0,0
16.40,7448.00,140.00,7409.99,190.04,0,0,0,0,0,0
16.45,7457.00,180.00,7419.39,188.03,0,0,0,0,0,0
16.50,7469.00,240.00,7429.32,198.42,0,0,0,0,0,0
16.55,7476.00,140.00,7438.65,186.74,0,0,0,0,0,0
16.60,7488.00,240.00,7448.52,197.39,0,0,0,0,0,0
16.65,7493.00,100.00,7457.42,177.91,0,0,0,0,0,0
16.70,7507.00,280.00,7467.33,198.33,0,0,0,0,0,0
16.75,7515.00,160.00,7476.87,190.66,0,0,0,0,0,0
16.80,7522.00,140.00,7485.89,180.53,0,0,0,0,0,0
16.85,7530.00,160.00,7494.71,176.43,0,0,0,0,0,0
16.90,7539.00,180.00,7503.57,177.14,0,0,0,0,0,0
16.95,7549.00,200.00,7512.66,181.71,0,0,0,0,0,0
17.00,7558.00,180.00,7521.73,181.37,0,0,0,0,0,0
17.05,7568.00,200.00,7530.98,185.10,0,0,0,0,0,0
17.10,7575.00,140.00,7539.78,176.07,0,0,0,0,0,0
17.15,7586.00,220.00,7549.03,184.86,0,0,0,0,0,0
17.20,7593.00,140.00,7557.82,175.89,0,0,0,0,0,0
17.25,7602.00,180.00,7566.66,176.71,0,0,0,0,0,0
17.30,7608.00,120.00,7574.93,165.37,0,0,0,0,0,0
17.35,7617.00,180.00,7583.34,168.30,0,0,0,0,0,0
17.40,7627.00,200.00,7592.07,174.64,0,0,0,0,0,0
17.45,7633.00,120.00,7600.26,163.71,0,0,0,0,0,0
17.50,7639.00,120.00,7608.01,154.97,0,0,0,0,0,0
17.55,7650.00,220.00,7616.41,167.97,0,0,0,0,0,0
17.60,7656.00,120.00,7624.32,158.38,0,0,0,0,0,0
17.65,7664.00,160.00,7632.26,158.70,0,0,0,0,0,0
17.70,7669.00,100.00,7639.61,146.96,0,0,0,0,0,0
17.75,7678.00,180.00,7647.29,153.57,0,0,0,0,0,0
17.80,7686.00,160.00,7655.03,154.85,0,0,0,0,0,0
17.85,7693.00,140.00,7662.62,151.88,0,0,0,0,0,0
17.90,7699.00,120.00,7669.90,145.51,0,0,0,0,0,0
17.95,7706.00,140.00,7677.12,144.40,0,0,0,0,0,0
18.00,7716.00,200.00,7684.90,155.53,0,0,0,0,0,0
18.05,7721.00,100.00,7692.12,144.42,0,0,0,0,0,0
18.10,7728.00,140.00,7699.29,143.54,0,0,0,0,0,0
18.15,7734.00,120.00,7706.23,138.83,0,0,0,0,0,0
18.20,7741.00,140.00,7713.19,139.06,0,0,0,0,0,0
18.25,7748.00,140.00,7720.15,139.25,0,0,0,0,0,0
18.30,7752.00,80.00,7726.52,127.40,0,0,0,0,0,0
18.35,7757.00,100.00,7732.62,121.92,0,0,0,0,0,0
18.40,7769.00,240.00,7739.89,145.54,0,0,0,0,0,0
18.45,7772.00,60.00,7746.31,128.43,0,0,0,0,0,0
18.50,7779.00,140.00,7752.85,130.74,0,0,0,0,0,0
18.55,7784.00,100.00,7759.08,124.59,0,0,0,0,0,0
18.60,7788.00,80.00,7764.86,115.67,0,0,0,0,0,0
18.65,7798.00,200.00,7771.49,132.54,0,0,0,0,0,0
18.70,7803.00,100.00,7777.79,126.04,0,0,0,0,0,0
18.75,7812.00,180.00,7784.63,136.83,0,0,0,0,0,0
18.80,7816.00,80.00,7790.91,125.46,0,0,0,0,0,0
18.85,7821.00,100.00,7796.93,120.37,0,0,0,0,0,0
18.90,7826.00,100.00,7802.74,116.30,0,0,0,0,0,0
18.95,7833.00,140.00,7808.79,121.04,0,0,0,0,0,0
19.00,7836.00,60.00,7814.23,108.83,0,0,0,0,0,0
19.05,7845.00,180.00,7820.39,123.07,0,0,0,0,0,0
19.10,7847.00,40.00,7825.71,106.45,0,0,0,0,0,0
19.15,7852.00,100.00,7830.97,105.16,0,0,0,0,0,0
19.20,7855.00,60.00,7835.77,96.13,0,0,0,0,0,0
19.25,7862.00,140.00,7841.02,104.90,0,0,0,0,0,0
19.30,7866.00,80.00,7846.02,99.92,0,0,0,0,0,0
19.35,7873.00,140.00,7851.41,107.94,0,0,0,0,0,0
19.40,7880.00,140.00,7857.13,114.35,0,0,0,0,0,0
19.45,7885.00,100.00,7862.70,111.48,0,0,0,0,0,0
19.50,7888.00,60.00,7867.76,101.18,0,0,0,0,0,0
19.55,7891.00,60.00,7872.41,92.95,0,0,0,0,0,0
19.60,7897.00,120.00,7877.33,98.36,0,0,0,0,0,0
19.65,7899.00,40.00,7881.66,86.69,0,0,0,0,0,0
19.70,7905.00,120.00,7886.33,93.35,0,0,0,0,0,0
19.75,7910.00,100.00,7891.06,94.68,0,0,0,0,0,0
19.80,7915.00,100.00,7895.85,95.74,0,0,0,0,0,0
19.85,7919.00,80.00,7900.48,92.60,0,0,0,0,0,0
19.90,7922.00,60.00,7904.79,86.07,0,0,0,0,0,0
19.95,7928.00,120.00,7909.43,92.86,0,0,0,0,0,0
20.00,7930.00,40.00,7913.54,82.29,0,0,0,0,0,0
20.05,7933.00,60.00,7917.43,77.83,0,0,0,0,0,0
20.10,7936.00,60.00,7921.15,74.27,0,0,0,0,0,0
20.15,7940.00,80.00,7924.92,75.41,0,0,0,0,0,0
20.20,7945.00,100.00,7928.93,80.33,0,0,0,0,0,0
20.25,7948.00,60.00,7932.75,76.26,0,0,0,0,0,0
20.30,7954.00,120.00,7937.00,85.01,0,0,0,0,0,0
20.35,7954.00,0.00,7940.40,68.01,0,0,0,0,0,0
20.40,7955.00,20.00,7943.32,58.41,0,0,0,0,0,0
20.45,7956.00,20.00,7945.85,50.72,0,0,0,0,0,0
20.50,7964.00,160.00,7949.48,72.58,0,0,0,0,0,0
20.55,7965.00,20.00,7952.59,62.06,0,0,0,0,0,0
20.60,7967.00,40.00,7955.47,57.66,0,7967,0,0,0,0
20.65,7972.00,100.00,7958.78,66.12,0,0,0,0,0,0
20.70,7975.00,60.00,7962.02,64.89,0,0,0,0,0,0
20.75,7977.00,40.00,7965.02,59.92,0,0,0,0,0,0
20.80,7982.00,100.00,7968.41,67.93,0,0,0,0,0,0
20.85,7986.00,80.00,7971.93,70.35,0,0,0,0,0,0
20.90,7986.00,0.00,7974.74,56.28,0,0,0,0,0,0
20.95,7990.00,80.00,7977.80,61.03,0,0,0,0,0,0
21.00,7989.00,-20.00,7980.04,44.81,0,0,0,0,0,0
21.05,7994.00,100.00,7982.83,55.85,0,0,0,0,0,0
21.10,7993.00,-20.00,7984.86,40.68,0,0,0,0,0,0
21.15,7996.00,60.00,7987.09,44.55,0,0,0,0,0,0
21.20,7998.00,40.00,7989.27,43.63,0,0,0,0,0,0
21.25,8001.00,60.00,7991.62,46.91,0,0,0,0,0,0
21.30,8004.00,60.00,7994.09,49.53,0,0,0,0,0,0
21.35,8005.00,20.00,7996.28,43.62,0,0,0,0,0,0
21.40,8005.00,0.00,7998.02,34.89,0,0,0,0,0,0
21.45,8013.00,160.00,8001.02,59.92,0,0,0,0,0,0
21.50,8010.00,-60.00,8002.81,35.94,0,0,0,0,0,0
21.55,8012.00,40.00,8004.65,36.75,0,0,0,0,0,0
21.60,8013.00,20.00,8006.32,33.40,0,0,0,0,0,0
21.65,8013.00,0.00,8007.66,26.72,0,0,0,0,0,0
21.70,8014.00,20.00,8008.93,25.37,0,0,0,0,0,0
21.75,8018.00,80.00,8010.74,36.30,0,0,0,0,0,0
21.80,8018.00,0.00,8012.19,29.04,0,0,0,0,0,0
21.85,8019.00,20.00,8013.55,27.23,0,0,0,0,0,0
21.90,8017.00,-40.00,8014.24,13.79,0,0,0,0,0,0
21.95,8021.00,80.00,8015.59,27.03,0,0,0,0,0,0
22.00,8020.00,-20.00,8016.48,17.62,0,0,0,0,0,0
22.05,8022.00,40.00,8017.58,22.10,0,0,0,0,0,0
22.10,8020.00,-40.00,8018.06,9.68,0,0,0,0,0,0
22.15,8024.00,80.00,8019.25,23.74,0,0,0,0,0,0
22.20,8023.00,-20.00,8020.00,14.99,0,0,0,0,0,0
22.25,8025.00,40.00,8021.00,20.00,0,0,0,0,0,0
22.30,8027.00,40.00,8022.20,23.99,0,0,0,0,0,0
22.35,8025.00,-40.00,8022.76,11.20,0,0,0,0,0,0
22.40,8026.00,20.00,8023.41,12.96,0,0,0,0,0,0
22.45,8024.00,-40.00,8023.53,2.36,0,0,0,0,0,0
22.50,8027.00,60.00,8024.22,13.90,0,0,0,0,0,0
22.55,8028.00,20.00,8024.98,15.12,0,0,8028,0,0,0
22.60,8025.00,-60.00,8024.98,0.09,0,0,0,0,0,0
22.65,8025.00,0.00,8024.99,0.07,0,0,0,0,0,0
22.70,8027.00,40.00,8025.39,8.06,0,0,0,0,0,0
22.75,8025.00,-40.00,8025.31,-1.55,0,0,0,0,0,0
22.80,8024.00,-20.00,8025.05,-5.24,0,0,0,0,0,0
22.85,8023.00,-20.00,8024.64,-8.19,0,0,0,0,0,0
22.90,8025.00,40.00,8024.71,1.45,0,0,0,0,0,0
22.95,8023.00,-40.00,8024.37,-6.85,0,0,0,0,0,0
23.00,8019.00,-80.00,8023.29,-21.47,0,0,0,0,0,0
23.05,8020.00,20.00,8022.64,-13.18,0,0,0,0,0,0
23.10,8019.00,-20.00,8021.91,-14.54,0,0,0,0,0,0
23.15,8018.00,-20.00,8021.13,-15.63,0,0,0,0,0,0
23.20,8020.00,40.00,8020.90,-4.51,0,0,0,0,0,0
23.25,8017.00,-60.00,8020.12,-15.61,0,0,0,0,0,0
23.30,8015.00,-40.00,8019.10,-20.49,0,0,0,0,0,0
23.35,8014.00,-20.00,8018.08,-20.39,0,0,0,0,0,0
23.40,8014.00,0.00,8017.26,-16.31,0,0,0,0,0,0
23.45,8014.00,0.00,8016.61,-13.05,0,0,0,0,0,0
23.50,8009.00,-100.00,8015.09,-30.44,0,0,0,0,0,0
23.55,8007.00,-40.00,8013.47,-32.35,0,0,0,8007,8007,0
24.05,7987.00,-40.00,8008.18,-10.59,0,0,0,0,0,0
24.55,7956.00,-62.00,7997.74,-20.87,0,0,0,0,0,0
25.05,7941.00,-30.00,7986.39,-22.70,0,0,0,0,0,0
25.55,7942.00,2.00,7977.51,-17.76,0,0,0,0,0,0
26.05,7903.00,-78.00,7962.61,-29.81,0,0,0,0,0,0
26.55,7833.00,-140.00,7936.69,-51.84,0,0,0,0,0,0
27.05,7799.00,-68.00,7909.15,-55.08,0,0,0,0,0,0
27.55,7765.00,-68.00,7880.32,-57.66,0,0,0,0,0,0
28.05,7742.00,-46.00,7852.66,-55.33,0,0,0,0,0,0
28.55,7698.00,-88.00,7821.73,-61.86,0,0,0,0,0,0
29.05,7663.00,-70.00,7789.98,-63.49,0,0,0,0,0,0
29.55,7643.00,-40.00,7760.58,-58.79,0,0,0,0,0,0
30.05,7598.00,-90.00,7728.07,-65.03,0,0,0,0,0,0
30.55,7571.00,-54.00,7696.65,-62.83,0,0,0,0,0,0
31.05,7531.00,-80.00,7663.52,-66.26,0,0,0,0,0,0
31.55,7517.00,-28.00,7634.22,-58.61,0,0,0,0,0,0
32.05,7476.00,-82.00,7602.57,-63.29,0,0,0,0,0,0
32.55,7449.00,-54.00,7571.86,-61.43,0,0,0,0,0,0
33.05,7407.00,-84.00,7538.89,-65.94,0,0,0,0,0,0
33.55,7374.00,-66.00,7505.91,-65.96,0,0,0,0,0,0
34.05,7336.00,-76.00,7471.93,-67.96,0,0,0,0,0,0
34.55,7316.00,-40.00,7440.74,-62.37,0,0,0,0,0,0
35.05,7271.00,-90.00,7406.79,-67.90,0,0,0,0,0,0
35.55,7247.00,-48.00,7374.83,-63.92,0,0,0,0,0,0
36.05,7203.00,-88.00,7340.47,-68.73,0,0,0,0,0,0
36.55,7176.00,-54.00,7307.57,-65.79,0,0,0,0,0,0
37.05,7139.00,-74.00,7273.86,-67.43,0,0,0,0,0,0
37.55,7115.00,-48.00,7242.09,-63.54,0,0,0,0,0,0
38.05,7077.00,-76.00,7209.07,-66.04,0,0,0,0,0,0
38.55,7040.00,-74.00,7175.26,-67.63,0,0,0,0,0,0
39.05,7012.00,-56.00,7142.60,-65.30,0,0,0,0,0,0
39.55,6974.00,-76.00,7108.88,-67.44,0,0,0,0,0,0
40.05,6944.00,-60.00,7075.91,-65.95,0,0,0,0,0,0
40.55,6926.00,-36.00,7045.93,-59.96,0,0,0,0,0,0
41.05,6885.00,-82.00,7013.74,-64.37,0,0,0,0,0,0
41.55,6851.00,-68.00,6981.19,-65.10,0,0,0,0,0,0
42.05,6817.00,-68.00,6948.35,-65.68,0,0,0,0,0,0
42.55,6788.00,-58.00,6916.28,-64.14,0,0,0,0,0,0
43.05,6762.00,-52.00,6885.43,-61.71,0,0,0,0,0,0
43.55,6721.00,-82.00,6852.54,-65.77,0,0,0,0,0,0
44.05,6691.00,-60.00,6820.23,-64.62,0,0,0,0,0,0
44.55,6662.00,-58.00,6788.59,-63.29,0,0,0,0,0,0
45.05,6622.00,-80.00,6755.27,-66.63,0,0,0,0,0,0
45.55,6595.00,-54.00,6723.22,-64.11,0,0,0,0,0,0
46.05,6559.00,-72.00,6690.37,-65.69,0,0,0,0,0,0
46.55,6528.00,-62.00,6657.90,-64.95,0,0,0,0,0,0
47.05,6498.00,-60.00,6625.92,-63.96,0,0,0,0,0,0
47.55,6466.00,-64.00,6593.93,-63.97,0,0,0,0,0,0
48.05,6434.00,-64.00,6561.95,-63.97,0,0,0,0,0,0
48.55,6407.00,-54.00,6530.96,-61.98,0,0,0,0,0,0
49.05,6369.00,-76.00,6498.57,-64.78,0,0,0,0,0,0
49.55,6358.00,-22.00,6470.45,-56.23,0,0,0,0,0,0
50.05,6324.00,-68.00,6441.16,-58.58,0,0,0,0,0,0
50.55,6278.00,-92.00,6408.53,-65.26,0,0,0,0,0,0
51.05,6249.00,-58.00,6376.62,-63.81,0,0,0,0,0,0
51.55,6220.00,-58.00,6345.30,-62.65,0,0,0,0,0,0
52.05,6195.00,-50.00,6315.24,-60.12,0,0,0,0,0,0
52.55,6172.00,-46.00,6286.59,-57.30,0,0,0,0,0,0
53.05,6143.00,-58.00,6257.87,-57.44,0,0,0,0,0,0
53.55,6106.00,-74.00,6227.50,-60.75,0,0,0,0,0,0
54.05,6091.00,-30.00,6200.20,-54.60,0,0,0,0,0,0
54.55,6055.00,-72.00,6171.16,-58.08,0,0,0,0,0,0
55.05,6025.00,-60.00,6141.93,-58.46,0,0,0,0,0,0
55.55,5996.00,-58.00,6112.74,-58.37,0,0,0,0,0,0
56.05,5965.00,-62.00,6083.19,-59.10,0,0,0,0,0,0
56.55,5929.00,-72.00,6052.35,-61.68,0,0,0,0,0,0
57.05,5901.00,-56.00,6022.08,-60.54,0,0,0,0,0,0
57.55,5867.00,-68.00,5991.07,-62.03,0,0,0,0,0,0
58.05,5832.00,-70.00,5959.25,-63.63,0,0,0,0,0,0
58.55,5806.00,-52.00,5928.60,-61.30,0,0,0,0,0,0
59.05,5770.00,-72.00,5896.88,-63.44,0,0,0,0,0,0
59.55,5741.00,-58.00,5865.71,-62.35,0,0,0,0,0,0
60.05,5709.00,-64.00,5834.36,-62.68,0,0,0,0,0,0
60.55,5677.00,-64.00,5802.89,-62.95,0,0,0,0,0,0
61.05,5647.00,-60.00,5771.71,-62.36,0,0,0,0,0,0
61.55,5614.00,-66.00,5740.17,-63.08,0,0,0,0,0,0
62.05,5587.00,-54.00,5709.54,-61.27,0,0,0,0,0,0
62.55,5550.00,-74.00,5677.63,-63.81,0,0,0,0,0,0
63.05,5520.00,-60.00,5646.10,-63.05,0,0,0,0,0,0
63.55,5490.00,-60.00,5614.88,-62.44,0,0,0,0,0,0
64.05,5457.00,-66.00,5583.31,-63.15,0,0,0,0,0,0
64.55,5434.00,-46.00,5553.44,-59.72,0,0,0,0,0,0
65.05,5399.00,-70.00,5522.56,-61.78,0,0,0,0,0,0
65.55,5373.00,-52.00,5492.64,-59.82,0,0,0,0,0,0
66.05,5336.00,-74.00,5461.32,-62.66,0,0,0,0,0,0
66.55,5314.00,-44.00,5431.85,-58.93,0,0,0,0,0,0
67.05,5279.00,-70.00,5401.28,-61.14,0,0,0,0,0,0
67.55,5252.00,-54.00,5371.43,-59.71,0,0,0,0,0,0
68.05,5226.00,-52.00,5342.34,-58.17,0,0,0,0,0,0
68.55,5197.00,-58.00,5313.27,-58.14,0,0,0,0,0,0
69.05,5168.00,-58.00,5284.22,-58.11,0,0,0,0,0,0
69.55,5138.00,-60.00,5254.97,-58.49,0,0,0,0,0,0
70.05,5103.00,-70.00,5224.58,-60.79,0,0,0,0,0,0
70.55,5076.00,-54.00,5194.86,-59.43,0,0,0,0,0,0
71.05,5045.00,-62.00,5164.89,-59.95,0,0,0,0,0,0
71.55,5012.00,-66.00,5134.31,-61.16,0,0,0,0,0,0
72.05,4983.00,-58.00,5104.05,-60.53,0,0,0,0,0,0
72.55,4945.00,-76.00,5072.24,-63.62,0,0,0,0,0,0
73.05,4922.00,-46.00,5042.19,-60.10,0,0,0,0,0,0
73.55,4892.00,-60.00,5012.15,-60.08,0,0,0,0,0,0
74.05,4855.00,-74.00,4980.72,-62.86,0,0,0,0,0,0
74.55,4829.00,-52.00,4950.38,-60.69,0,0,0,0,0,0
75.05,4789.00,-80.00,4918.10,-64.55,0,0,0,0,0,0
75.55,4766.00,-46.00,4887.68,-60.84,0,0,0,0,0,0
76.05,4728.00,-76.00,4855.75,-63.87,0,0,0,0,0,0
76.55,4701.00,-54.00,4824.80,-61.90,0,0,0,0,0,0
77.05,4669.00,-64.00,4793.64,-62.32,0,0,0,0,0,0
77.55,4648.00,-42.00,4764.51,-58.25,0,0,0,0,0,0
78.05,4609.00,-78.00,4733.41,-62.20,0,0,0,0,0,0
78.55,4588.00,-42.00,4704.33,-58.16,0,0,0,0,0,0
79.05,4548.00,-80.00,4673.06,-62.53,0,0,0,0,0,0
79.55,4528.00,-40.00,4644.05,-58.02,0,0,0,0,0,0
80.05,4493.00,-70.00,4613.84,-60.42,0,0,0,0,0,0
80.55,4463.00,-60.00,4583.67,-60.34,0,0,0,0,0,0
81.05,4431.00,-64.00,4553.14,-61.07,0,0,0,0,0,0
81.55,4399.00,-64.00,4522.31,-61.65,0,0,0,0,0,0
82.05,4366.00,-66.00,4491.05,-62.52,0,0,0,0,0,0
82.55,4335.00,-62.00,4459.84,-62.42,0,0,0,0,0,0
83.05,4308.00,-54.00,4429.47,-60.74,0,0,0,0,0,0
83.55,4281.00,-54.00,4399.78,-59.39,0,0,0,0,0,0
84.05,4248.00,-66.00,4369.42,-60.71,0,0,0,0,0,0
84.55,4216.00,-64.00,4338.74,-61.37,0,0,0,0,0,0
85.05,4192.00,-48.00,4309.39,-58.69,0,0,0,0,0,0
85.55,4164.00,-56.00,4280.31,-58.16,0,0,0,0,0,0
86.05,4124.00,-80.00,4249.05,-62.52,0,0,0,0,0,0
86.55,4091.00,-66.00,4217.44,-63.22,0,0,0,0,0,0
87.05,4058.00,-66.00,4185.55,-63.78,0,0,0,0,0,0
87.55,4028.00,-60.00,4154.04,-63.02,0,0,0,0,0,0
88.05,4003.00,-50.00,4123.83,-60.42,0,0,0,0,0,0
88.55,3963.00,-80.00,4091.67,-64.33,0,0,0,0,0,0
89.05,3936.00,-54.00,4060.53,-62.27,0,0,0,0,0,0
89.55,3906.00,-60.00,4029.63,-61.81,0,0,0,0,0,0
90.05,3875.00,-62.00,3998.70,-61.85,0,0,0,0,0,0
90.55,3843.00,-64.00,3967.56,-62.28,0,0,0,0,0,0
91.05,3807.00,-72.00,3935.45,-64.22,0,0,0,0,0,0
91.55,3791.00,-32.00,3906.56,-57.78,0,0,0,0,0,0
92.05,3754.00,-74.00,3876.05,-61.02,0,0,0,0,0,0
92.55,3704.00,-100.00,3841.64,-68.82,0,0,0,0,0,0
93.05,3679.00,-50.00,3809.11,-65.06,0,0,0,0,0,0
93.55,3639.00,-80.00,3775.09,-68.04,0,0,0,0,0,0
94.05,3609.00,-60.00,3741.87,-66.44,0,0,0,0,0,0
94.55,3569.00,-80.00,3707.30,-69.15,0,0,0,0,0,0
95.05,3543.00,-52.00,3674.44,-65.72,0,0,0,0,0,0
95.55,3509.00,-68.00,3641.35,-66.17,0,0,0,0,0,0
96.05,3479.00,-60.00,3608.88,-64.94,0,0,0,0,0,0
96.55,3446.00,-66.00,3576.30,-65.15,0,0,0,0,0,0
97.05,3420.00,-52.00,3545.04,-62.52,0,0,0,0,0,0
97.55,3385.00,-70.00,3513.03,-64.02,0,0,0,0,0,0
98.05,3355.00,-60.00,3481.43,-63.21,0,0,0,0,0,0
98.55,3328.00,-54.00,3450.74,-61.37,0,0,0,0,0,0
99.05,3293.00,-70.00,3419.19,-63.10,0,0,0,0,0,0
99.55,3262.00,-62.00,3387.75,-62.88,0,0,0,0,0,0
100.05,3234.00,-56.00,3357.00,-61.50,0,0,0,0,0,0
100.55,3198.00,-72.00,3325.20,-63.60,0,0,0,0,0,0
101.05,3175.00,-46.00,3295.16,-60.08,0,0,0,0,0,0
101.55,3141.00,-68.00,3264.33,-61.67,0,0,0,0,0,0
102.05,3106.00,-70.00,3232.66,-63.33,0,0,0,0,0,0
102.55,3077.00,-58.00,3201.53,-62.27,0,0,0,0,0,0
103.05,3044.00,-66.00,3170.02,-63.01,0,0,0,0,0,0
103.55,3011.00,-66.00,3138.22,-63.61,0,0,0,0,0,0
104.05,2988.00,-46.00,3108.18,-60.09,0,0,0,0,0,0
104.55,2952.00,-72.00,3076.94,-62.47,0,0,0,0,0,0
105.05,2922.00,-60.00,3045.95,-61.98,0,0,0,0,0,0
105.55,2889.00,-66.00,3014.56,-62.78,0,0,0,0,0,0
106.05,2876.00,-26.00,2986.85,-55.42,0,0,0,0,0,0
106.55,2829.00,-94.00,2955.28,-63.14,0,0,0,0,0,0
107.05,2803.00,-52.00,2924.82,-60.91,0,0,0,0,0,0
107.55,2766.00,-74.00,2893.06,-63.53,0,0,0,0,0,0
108.05,2748.00,-36.00,2864.05,-58.02,0,0,0,0,0,0
108.55,2710.00,-76.00,2833.24,-61.62,0,0,0,0,0,0
109.05,2682.00,-56.00,2802.99,-60.50,0,0,0,0,0,0
109.55,2649.00,-66.00,2772.19,-61.60,0,0,0,0,0,0
110.05,2629.00,-40.00,2743.55,-57.28,0,0,0,0,0,0
110.55,2583.00,-92.00,2711.44,-64.22,0,0,0,0,0,0
111.05,2554.00,-58.00,2679.95,-62.98,0,0,0,0,0,0
111.55,2523.00,-62.00,2648.56,-62.78,0,0,0,0,0,0
112.05,2492.00,-62.00,2617.25,-62.63,0,0,0,0,0,0
112.55,2462.00,-60.00,2586.20,-62.10,0,0,0,0,0,0
113.05,2433.00,-58.00,2555.56,-61.28,0,0,0,0,0,0
113.55,2406.00,-54.00,2525.65,-59.82,0,0,0,0,0,0
114.05,2384.00,-44.00,2497.32,-56.66,0,0,0,0,0,0
114.55,2338.00,-92.00,2465.46,-63.73,0,0,0,0,0,0
115.05,2323.00,-30.00,2436.96,-56.98,0,0,0,0,0,0
115.55,2271.00,-104.00,2403.77,-66.39,0,0,0,0,0,0
116.05,2254.00,-34.00,2373.82,-59.91,0,0,0,0,0,0
116.55,2205.00,-98.00,2340.05,-67.53,0,0,0,0,0,0
117.05,2174.00,-62.00,2306.84,-66.42,0,0,0,0,0,0
117.55,2142.00,-64.00,2273.87,-65.94,0,0,0,0,0,0
118.05,2110.00,-64.00,2241.10,-65.55,0,0,0,0,0,0
118.55,2088.00,-44.00,2210.48,-61.24,0,0,0,0,0,0
119.05,2041.00,-94.00,2176.58,-67.79,0,0,0,0,0,0
119.55,2010.00,-62.00,2143.27,-66.63,0,0,0,0,0,0
120.05,1992.00,-36.00,2113.01,-60.51,0,0,0,0,0,0
120.55,1941.00,-102.00,2078.61,-68.81,0,0,0,0,0,0
121.05,1915.00,-52.00,2045.89,-65.44,0,0,0,0,0,0
121.55,1889.00,-52.00,2014.51,-62.76,0,0,0,0,0,0
122.05,1847.00,-84.00,1981.01,-67.00,0,0,0,0,0,0
122.55,1819.00,-56.00,1948.61,-64.80,0,0,0,0,0,0
123.05,1791.00,-56.00,1917.09,-63.04,0,0,0,0,0,0
123.55,1759.00,-64.00,1885.47,-63.23,0,0,0,0,0,0
124.05,1729.00,-60.00,1854.17,-62.59,0,0,0,0,0,0
124.55,1699.00,-60.00,1823.14,-62.07,0,0,0,0,0,0
125.05,1672.00,-54.00,1792.91,-60.46,0,0,0,0,0,0
125.55,1638.00,-68.00,1761.93,-61.96,0,0,0,0,0,0
126.05,1612.00,-52.00,1731.94,-59.97,0,0,0,0,0,0
126.55,1579.00,-66.00,1701.35,-61.18,0,0,0,0,0,0
127.05,1551.00,-56.00,1671.28,-60.14,0,0,0,0,0,0
127.55,1520.00,-62.00,1641.03,-60.51,0,0,0,0,0,0
128.05,1504.00,-32.00,1613.62,-54.81,0,0,0,0,0,0
128.55,1466.00,-76.00,1584.10,-59.05,0,0,0,0,0,0
129.05,1432.00,-68.00,1553.68,-60.84,0,0,0,0,0,0
129.55,1408.00,-48.00,1524.54,-58.27,0,0,0,0,0,0
130.05,1376.00,-64.00,1494.83,-59.42,0,0,0,0,0,0
130.55,1344.00,-64.00,1464.67,-60.33,0,0,0,0,0,0
131.05,1328.00,-32.00,1437.33,-54.67,0,0,0,0,0,0
131.55,1285.00,-86.00,1406.87,-60.93,0,0,0,0,0,0
132.05,1261.00,-48.00,1377.69,-58.35,0,0,0,0,0,0
132.55,1231.00,-60.00,1348.35,-58.68,0,0,0,0,0,0
133.05,1210.00,-42.00,1320.68,-55.34,0,0,0,0,0,0
133.55,1182.00,-56.00,1292.95,-55.47,0,0,0,0,0,0
134.05,1141.00,-82.00,1262.56,-60.78,0,0,0,0,0,0
134.55,1112.00,-58.00,1232.45,-60.22,0,0,0,0,0,0
135.05,1086.00,-52.00,1203.16,-58.58,0,0,0,0,0,0
135.55,1048.00,-76.00,1172.13,-62.06,0,0,0,0,0,0
136.05,1028.00,-40.00,1143.30,-57.65,0,0,0,0,0,0
136.55,991.00,-74.00,1112.84,-60.92,0,0,0,0,0,991
137.05,963.00,-56.00,1082.87,-59.94,0,0,0,0,0,0
137.55,940.00,-46.00,1054.30,-57.15,0,0,0,0,0,0
138.05,915.00,-50.00,1026.44,-55.72,0,0,0,0,0,0
138.55,896.00,-38.00,1000.35,-52.18,0,0,0,0,0,0
139.05,879.00,-34.00,976.08,-48.54,0,0,0,0,0,0
139.55,862.00,-34.00,953.26,-45.63,0,0,0,0,0,0
140.05,829.00,-66.00,928.41,-49.71,0,0,0,0,0,0
140.55,827.00,-4.00,908.13,-40.56,0,0,0,0,0,0
141.05,800.00,-54.00,886.50,-43.25,0,0,0,0,0,0
141.55,789.00,-22.00,867.00,-39.00,0,0,0,0,0,0
142.05,772.00,-34.00,848.00,-38.00,0,0,0,0,0,0
142.55,760.00,-24.00,830.40,-35.20,0,0,0,0,0,0
143.05,746.00,-28.00,813.52,-33.76,0,0,0,0,0,0
143.55,730.00,-32.00,796.82,-33.41,0,0,0,0,0,0
144.05,713.00,-34.00,780.05,-33.53,0,0,0,0,0,0
144.55,697.00,-32.00,763.44,-33.22,0,0,0,0,0,0
145.05,679.00,-36.00,746.55,-33.78,0,0,0,0,0,0
145.55,667.00,-24.00,730.64,-31.82,0,0,0,0,0,0
146.05,649.00,-36.00,714.31,-32.66,0,0,0,0,0,0
146.55,635.00,-28.00,698.45,-31.73,0,0,0,0,0,0
147.05,622.00,-26.00,683.16,-30.58,0,0,0,0,0,0
147.55,609.00,-26.00,668.33,-29.66,0,0,0,0,0,0
148.05,592.00,-34.00,653.06,-30.53,0,0,0,0,0,0
148.55,580.00,-24.00,638.45,-29.23,0,0,0,0,0,0
149.05,564.00,-32.00,623.56,-29.78,0,0,0,0,0,0
149.55,550.00,-28.00,608.85,-29.42,0,0,0,0,0,0
150.05,543.00,-14.00,595.68,-26.34,0,0,0,0,0,0
150.55,520.00,-46.00,580.54,-30.27,0,0,0,0,0,0
151.05,506.00,-28.00,565.63,-29.82,0,0,0,0,0,0
151.55,493.00,-26.00,551.11,-29.05,0,0,0,0,0,0
152.05,477.00,-32.00,536.29,-29.64,0,0,0,0,0,0
152.55,460.00,-34.00,521.03,-30.51,0,0,0,0,0,0
153.05,444.00,-32.00,505.62,-30.81,0,0,0,0,0,0
153.55,429.00,-30.00,490.30,-30.65,0,0,0,0,0,0
154.05,410.00,-38.00,474.24,-32.12,0,0,0,0,0,0
154.55,395.00,-30.00,458.39,-31.70,0,0,0,0,0,0
155.05,381.00,-28.00,442.91,-30.96,0,0,0,0,0,0
155.55,359.00,-44.00,426.13,-33.57,0,0,0,0,0,0
156.05,340.00,-38.00,408.90,-34.45,0,0,0,0,0,0
156.55,322.00,-36.00,391.52,-34.76,0,0,0,0,0,0
157.05,304.00,-36.00,374.02,-35.01,0,0,0,0,0,0
157.55,291.00,-26.00,357.41,-33.21,0,0,0,0,0,0
158.05,283.00,-16.00,342.53,-29.77,0,0,0,0,0,0
158.55,267.00,-32.00,327.43,-30.21,0,0,0,0,0,0
159.05,254.00,-26.00,312.74,-29.37,0,0,0,0,0,0
159.55,245.00,-18.00,299.19,-27.10,0,0,0,0,0,0
160.05,230.00,-30.00,285.35,-27.68,0,0,0,0,0,0
160.55,218.00,-24.00,271.88,-26.94,0,0,0,0,0,0
161.05,208.00,-20.00,259.11,-25.55,0,0,0,0,0,0
161.55,200.00,-16.00,247.29,-23.64,0,0,0,0,0,0
162.05,189.00,-22.00,235.63,-23.31,0,0,0,0,0,0
162.55,181.00,-16.00,224.70,-21.85,0,0,0,0,0,0
163.05,169.00,-24.00,213.56,-22.28,0,0,0,0,0,0
163.55,162.00,-14.00,203.25,-20.62,0,0,0,0,0,0
164.05,153.00,-18.00,193.20,-20.10,0,0,0,0,0,0
164.55,139.00,-28.00,182.36,-21.68,0,0,0,0,0,0
165.05,126.00,-26.00,171.09,-22.54,0,0,0,0,0,0
165.55,114.00,-24.00,159.67,-22.84,0,0,0,0,0,0
166.05,106.00,-16.00,148.94,-21.47,0,0,0,0,0,0
166.55,95.00,-22.00,138.15,-21.57,0,0,0,0,0,0
167.05,82.00,-26.00,126.92,-22.46,0,0,0,0,0,0
167.55,67.00,-30.00,114.94,-23.97,0,0,0,0,0,0
168.05,49.00,-36.00,101.75,-26.37,0,0,0,0,0,0
168.55,41.00,-16.00,89.60,-24.30,0,0,0,0,0,0
169.05,32.00,-18.00,78.08,-23.04,0,0,0,0,0,0
169.55,35.00,6.00,69.46,-17.23,0,0,0,0,0,0
170.05,39.00,8.00,63.37,-12.19,0,0,0,0,0,0
170.55,38.00,-2.00,58.30,-10.15,0,0,0,0,0,0
171.05,37.00,-2.00,54.04,-8.52,0,0,0,0,0,0
171.55,36.00,-2.00,50.43,-7.21,0,0,0,0,0,0
172.05,35.00,-2.00,47.34,-6.17,0,0,0,0,0,0
172.55,37.00,4.00,45.28,-4.14,0,0,0,0,0,0
173.05,36.00,-2.00,43.42,-3.71,0,0,0,0,0,0
173.55,34.00,-4.00,41.54,-3.77,0,0,0,0,0,0
174.05,33.00,-2.00,39.83,-3.41,0,0,0,0,0,0
174.55,39.00,12.00,39.66,-0.33,0,0,0,0,0,0